{
    "cv_splits": 5,
    "metrics": {
        "auroc": {
            "mean": 0.7205000000000001,
            "std": 0.0905731748367032
        },
        "f1_score": {
            "mean": 0.7025896596628304,
            "std": 0.07416599746629564
        }
    }
}