{
    "cv_splits": 5,
    "metrics": {
        "auroc": {
            "mean": 0.715,
            "std": 0.09433981132056606
        },
        "f1_score": {
            "mean": 0.7298351648351649,
            "std": 0.08268678866374363
        }
    }
}