{
    "cv_splits": 5,
    "metrics": {
        "auroc": {
            "mean": 0.8175000000000001,
            "std": 0.08262868751226779
        },
        "f1_score": {
            "mean": 0.7591529191529192,
            "std": 0.07695033045012342
        }
    }
}